Id,Title,Behavioural Questions Per Learner,Skill Assessment Questions Per Learner,Status,Created At,Updated At,Creator Name,Total Attempts,Performance Rate,Min Score
3d192c11-0c92-4315-9a31-58ac3734cc77,absum exercitationem ,10,15,INACTIVE,2026-05-28T21:02:55.272430+00:00,2026-05-28T21:02:55.272449+00:00,Emeka Ibrahim,0,0.0,40.0
e97aed84-4ada-4972-82b8-d9d2c2624457,adduco denego tenuis,10,15,INACTIVE,2026-05-20T09:15:52.860207+00:00,2026-05-20T09:15:52.860228+00:00,Emeka Ibrahim,0,0.0,40.0
5a7e88e5-b74e-4ed4-beb4-7679a6482aa3,adstringo arca deorsum,10,15,INACTIVE,2026-05-07T13:05:42.752976+00:00,2026-05-07T13:05:42.752997+00:00,Emeka Ibrahim,0,0.0,40.0
abe73dd4-d449-4542-9f32-2c1f5d80b984,adsum curo est,10,15,INACTIVE,2026-05-28T20:46:48.294470+00:00,2026-05-28T20:46:48.294490+00:00,Emeka Ibrahim,0,0.0,40.0
3826180a-d1d4-4371-a2d2-11c2c8c1e990,aduro viscus cura,10,15,INACTIVE,2026-05-13T12:11:36.535288+00:00,2026-05-13T12:11:36.535310+00:00,Emeka Ibrahim,0,0.0,40.0
a1b8a12c-5c2c-4e70-bff0-01c8610da6f4,Advance course on AI,130,15,INACTIVE,2026-04-22T12:21:31.788786+00:00,2026-04-22T12:21:31.788806+00:00,Emeka Ibrahim,15,53.333333333333336,12.0
8bafc74e-5fe2-4506-a2f2-cdfe2ad3cdd7,Advanced Skill Placement Test,9,13,INACTIVE,2025-12-01T10:02:20.258710+00:00,2025-12-01T10:02:20.258719+00:00,Emeka Ibrahim,56,62.5,40.1
1f0a43ca-6a44-4c2e-b60b-4e05d266006a,advoco una cicuta,10,15,INACTIVE,2026-05-02T20:54:15.624907+00:00,2026-05-02T20:54:15.624926+00:00,Emeka Ibrahim,0,0.0,40.0
222182bf-8e6a-4fef-bc9c-31fc6ef4a01c,ago cupio tribuo,10,15,INACTIVE,2026-05-13T10:13:28.647739+00:00,2026-05-13T10:13:28.647760+00:00,Emeka Ibrahim,0,0.0,40.0
9bd3ab94-6a5b-474f-8b9a-6b849c62cd0f,amet cedo tamdiu,10,15,INACTIVE,2026-06-13T05:26:11.269528+00:00,2026-06-13T05:26:11.269565+00:00,Emeka Ibrahim,31,35.483870967741936,40.0
5b60241d-cce1-4e0f-bd88-d828227bf52f,amicitia tantum coepi,10,15,INACTIVE,2026-05-20T10:46:08.930371+00:00,2026-05-20T10:46:08.930391+00:00,Emeka Ibrahim,0,0.0,40.0
bc5592f9-0da0-4c92-8a59-52b5ffeb6777,amplus comprehendo coruscus,10,15,INACTIVE,2026-05-20T09:12:07.696081+00:00,2026-05-20T09:12:07.696100+00:00,Emeka Ibrahim,0,0.0,40.0
52297459-beda-4fce-b24e-5451495200ca,approbo ab textor,10,15,INACTIVE,2026-05-28T23:36:59.375199+00:00,2026-05-28T23:36:59.375219+00:00,Emeka Ibrahim,0,0.0,40.0
80c464fc-ca76-4967-b965-c438b30cf36a,autem advenio possimus,10,15,INACTIVE,2026-05-09T10:23:14.841977+00:00,2026-05-09T10:23:14.841995+00:00,Emeka Ibrahim,0,0.0,40.0
2b47c578-9e22-472c-9c80-44e3a478a085,autus vulgus tendo,10,15,INACTIVE,2026-05-13T12:26:06.986332+00:00,2026-05-13T12:26:06.986352+00:00,Emeka Ibrahim,0,0.0,40.0
b3131a17-5750-4119-b055-de3203b3338d,bardus admitto varietas,10,15,INACTIVE,2026-05-09T10:28:05.192646+00:00,2026-05-09T10:28:05.192671+00:00,Emeka Ibrahim,0,0.0,40.0
059bd674-e6db-48fa-83c4-c6812586ff7c,Batch 1,5,5,INACTIVE,2026-02-22T23:05:05.015472+00:00,2026-02-22T23:05:05.015494+00:00,Emeka Ibrahim,10,50.0,50.0
1beddd21-b332-4494-9a92-146e068c3734,Batch C,5,5,INACTIVE,2026-02-22T23:06:47.802605+00:00,2026-02-22T23:06:47.802624+00:00,Emeka Ibrahim,0,0.0,50.0
7bcf0505-58aa-44bc-bdde-fbc510c6f059,Batch FRI,10,10,INACTIVE,2026-01-28T15:22:33.989090+00:00,2026-01-28T15:22:33.989108+00:00,Emeka Ibrahim,0,0.0,50.0
452aa87d-ed57-4b97-becf-ae66062ff8b3,Batch RC,5,5,INACTIVE,2026-02-22T23:18:00.992370+00:00,2026-02-22T23:18:00.992389+00:00,Emeka Ibrahim,0,0.0,50.0
7c50cb31-5817-4bed-bdb4-83a44fc6eaa4,BAtch TRH,10,10,INACTIVE,2026-01-28T15:27:34.984325+00:00,2026-01-28T15:27:34.984345+00:00,Emeka Ibrahim,0,0.0,40.0
a5680f4b-733c-4b68-a696-2dc73fc53481,Batch TRI,10,10,INACTIVE,2026-01-28T15:21:31.845251+00:00,2026-01-28T15:21:31.845270+00:00,Emeka Ibrahim,0,0.0,50.0
b299291d-cd93-408b-a2c8-9e4867c55a26,BAtch TYI,10,10,INACTIVE,2025-12-18T12:40:22.598419+00:00,2025-12-18T12:40:22.598441+00:00,Emeka Ibrahim,0,0.0,30.0
d86e739e-5614-4a0e-bbf3-a2a95558387b,BATCH X,10,10,INACTIVE,2025-12-18T12:41:35.532437+00:00,2025-12-18T12:41:35.532462+00:00,Emeka Ibrahim,0,0.0,40.0
49f6dae3-fe9f-45a1-8046-a892c3bbea86,Batch XYZ,10,28,INACTIVE,2026-01-29T07:12:55.426371+00:00,2026-01-29T07:12:55.426392+00:00,Emeka Ibrahim,27,44.44444444444444,20.0
a2d5a98f-b3d7-4d70-ba53-40d508fb4708,Batch YRI,10,10,INACTIVE,2026-01-28T15:23:50.338063+00:00,2026-01-28T15:23:50.338083+00:00,Emeka Ibrahim,0,0.0,40.0
f5e5c37c-0004-4162-9ac9-98af4c944b61,Behavioral Competency Evaluation,10,10,INACTIVE,2025-12-01T10:02:20.258775+00:00,2025-12-01T10:02:20.258785+00:00,Emeka Ibrahim,93,67.74193548387096,40.1
1a0c8e9e-7da3-4f00-a830-cbbc28806006,Bio,43,10,INACTIVE,2026-05-02T20:35:05.928935+00:00,2026-05-02T20:35:05.928956+00:00,Emeka Ibrahim,0,0.0,40.0
9fff6c7e-f491-4b42-8fb0-75fd8ecb0336,bis culpa bis,10,15,INACTIVE,2026-05-07T13:39:26.963414+00:00,2026-05-07T13:39:26.963433+00:00,Emeka Ibrahim,14,42.857142857142854,40.0
b2f7adf0-59c0-4074-ba6f-490968bed048,casso subiungo sui,10,15,INACTIVE,2026-05-13T12:14:04.873477+00:00,2026-05-13T12:14:04.873639+00:00,Emeka Ibrahim,0,0.0,40.0
dbd8b37e-deca-4074-b137-e4106030a1fc,cedo umerus comptus,10,15,INACTIVE,2026-05-21T11:26:50.625593+00:00,2026-05-21T11:26:50.625613+00:00,Emeka Ibrahim,30,40.0,40.0
1731e5ee-9b0f-4452-90f3-bcb57da7c7bc,claudeo canis comparo,10,15,INACTIVE,2026-05-09T10:15:04.574433+00:00,2026-05-09T10:15:04.574456+00:00,Emeka Ibrahim,0,0.0,40.0
0133e53d-a862-4fb9-8e96-28fb7ff45b85,color solitudo non,10,15,INACTIVE,2026-05-02T20:46:46.296428+00:00,2026-05-02T20:46:46.296571+00:00,Emeka Ibrahim,0,0.0,40.0
a526c577-c417-4ad0-8e42-b82af8fd0407,comminor deorsum contabesco,10,15,INACTIVE,2026-06-27T11:02:58.606450+00:00,2026-06-27T11:02:58.606470+00:00,Emeka Ibrahim,0,0.0,40.0
b1adcdb2-0761-4bd2-abe3-4e2da6cd9a97,compello desino adfectus,10,15,INACTIVE,2026-05-02T20:52:56.161577+00:00,2026-05-02T20:52:56.161597+00:00,Emeka Ibrahim,0,0.0,40.0
2f1fff5a-ae53-4c29-8882-9a613a552f7a,complectus ara caste,10,15,INACTIVE,2026-05-20T08:25:09.620154+00:00,2026-05-20T08:25:09.620175+00:00,Emeka Ibrahim,0,0.0,40.0
ecf22b9f-7873-4b89-b01a-148cf8c1d6f3,Comprehensive Pre-Training Assessment,12,19,INACTIVE,2025-12-01T10:02:20.258840+00:00,2025-12-01T10:02:20.258850+00:00,Emeka Ibrahim,148,70.94594594594595,40.1
97d29d6b-9720-4031-9793-742827f26f04,conor acceptus credo,10,15,INACTIVE,2026-05-09T10:09:05.478357+00:00,2026-05-09T10:09:05.478377+00:00,Emeka Ibrahim,0,0.0,40.0
5c60afa8-9841-4693-9b9d-072e7ace6e0e,constans ventus celo,10,15,INACTIVE,2026-05-12T21:34:43.534187+00:00,2026-05-12T21:34:43.534206+00:00,Emeka Ibrahim,0,0.0,40.0
59b83efa-9587-4627-a930-65e3c1414f6b,corrigo attollo adversus,10,15,INACTIVE,2026-05-12T22:07:45.041307+00:00,2026-05-12T22:07:45.041329+00:00,Emeka Ibrahim,0,0.0,40.0
a7ac2313-d25f-4745-a3eb-34fc12adc143,creator tepidus capto,10,15,INACTIVE,2026-05-28T20:51:34.247574+00:00,2026-05-28T20:51:34.247593+00:00,Emeka Ibrahim,0,0.0,40.0
dfa9f830-9ed6-41c2-bcb0-ff649f38407c,cubicularis magnam cervus,10,15,INACTIVE,2026-05-07T13:23:44.169743+00:00,2026-05-07T13:23:44.169761+00:00,Emeka Ibrahim,0,0.0,40.0
b266a5ce-2338-47c3-b388-6d54efee7a23,cultellus spiculum corpus,10,15,INACTIVE,2026-05-21T08:42:56.214002+00:00,2026-05-21T08:42:56.214022+00:00,Emeka Ibrahim,0,0.0,40.0
49e0db49-cbd9-4fb9-838e-c09ab7de4c6f,curatio volup voluptate,10,15,INACTIVE,2026-05-20T09:05:48.263869+00:00,2026-05-20T09:05:48.263890+00:00,Emeka Ibrahim,0,0.0,40.0
abfd6cbc-7824-41b6-bf44-f08a33461d77,cur cibus voluptate,10,15,INACTIVE,2026-05-12T08:36:26.693768+00:00,2026-05-12T08:36:26.693788+00:00,Emeka Ibrahim,0,0.0,40.0
3180bbfc-030a-4b65-9602-0361488b5a51,cursus usus surculus,10,15,INACTIVE,2026-05-12T21:13:31.170027+00:00,2026-05-12T21:13:31.170048+00:00,Emeka Ibrahim,0,0.0,40.0
81c00c8c-1261-4897-9ec1-c6654b9ec15b,decens cunctatio veniam,10,15,INACTIVE,2026-05-06T13:26:37.571819+00:00,2026-05-06T13:26:37.571841+00:00,Emeka Ibrahim,0,0.0,40.0
fd20feaa-7da1-41af-ae90-f14f2a226b94,decretum suasoria ventus,10,15,INACTIVE,2026-05-07T12:58:11.376092+00:00,2026-05-07T12:58:11.376113+00:00,Emeka Ibrahim,0,0.0,40.0
264b7e89-5ac0-4ab7-ab7c-54967c9f97c9,demens culpo sublime,10,15,INACTIVE,2026-05-12T21:53:55.154141+00:00,2026-05-12T21:53:55.154163+00:00,Emeka Ibrahim,0,0.0,40.0
4238f9ef-76e3-4602-8416-14501a391afb,demens decimus alo,10,15,INACTIVE,2026-05-12T21:56:12.926005+00:00,2026-05-12T21:56:12.926025+00:00,Emeka Ibrahim,0,0.0,40.0
0a1ace90-2021-4561-80c3-5ca55501b75d,demonstro canonicus caritas,10,15,INACTIVE,2026-05-12T14:29:44.650706+00:00,2026-05-12T14:29:44.650728+00:00,Emeka Ibrahim,0,0.0,40.0
1fb0c1c1-e377-4b0c-8186-95fe0b61cbff,demulceo eum trucido,10,15,INACTIVE,2026-05-20T10:49:24.766068+00:00,2026-05-20T10:49:24.766088+00:00,Emeka Ibrahim,0,0.0,40.0
e8477d39-886e-404f-828d-ea66080eda4a,Digital Training Assessment,2,5,INACTIVE,2026-05-25T07:26:02.351792+00:00,2026-05-25T07:26:02.351816+00:00,Emeka Ibrahim,0,0.0,40.0
673e30a3-e74b-4479-b83f-1932c00df39e,dolore verumtamen casso,10,15,INACTIVE,2026-05-02T20:51:18.265670+00:00,2026-05-02T20:51:18.265690+00:00,Emeka Ibrahim,0,0.0,40.0
09d98d5f-35b7-4af5-987d-e84d223a09ad,ducimus cedo vester,10,15,INACTIVE,2026-05-09T10:00:14.130116+00:00,2026-05-09T10:00:14.130136+00:00,Emeka Ibrahim,0,0.0,40.0
5755307a-4b3c-4d60-b5bb-444adb35edf0,error vigor venia,10,15,INACTIVE,2026-05-21T10:20:00.466382+00:00,2026-05-21T10:20:00.466402+00:00,Emeka Ibrahim,0,0.0,40.0
655b18b6-babf-4320-b1a6-b585b7b6a369,illum comparo somnus,10,15,INACTIVE,2026-05-02T20:51:00.099459+00:00,2026-05-02T20:51:00.099481+00:00,Emeka Ibrahim,0,0.0,40.0
006d0315-ab7b-48f1-9e01-c3ce6658c0dc,illum delectatio arbustum,10,15,INACTIVE,2026-05-20T09:28:06.212931+00:00,2026-05-20T09:28:06.212951+00:00,Emeka Ibrahim,0,0.0,40.0
39ab8728-a38f-4020-a84c-99dd3d098396,minus avarus suadeo,10,15,INACTIVE,2026-06-27T17:51:49.081187+00:00,2026-06-27T17:51:49.081208+00:00,Emeka Ibrahim,0,0.0,40.0
f2324ea6-efe4-497b-849f-cf95f5a885d7,modi triduana corrigo,10,15,INACTIVE,2026-05-12T21:26:02.805126+00:00,2026-05-12T21:26:02.805149+00:00,Emeka Ibrahim,0,0.0,40.0
32bfe8da-5227-47b2-8b6e-97704349c2df,molestias tollo calcar,10,15,INACTIVE,2026-05-28T20:38:47.756211+00:00,2026-05-28T20:38:47.756236+00:00,Emeka Ibrahim,0,0.0,40.0
be727842-a707-4a6d-a07b-4d54df87b746,New Learner Onboarding Assessment,8,18,INACTIVE,2025-12-01T10:02:20.258645+00:00,2025-12-01T10:02:20.258654+00:00,Emeka Ibrahim,178,73.03370786516854,40.1
5d0d04a6-ea05-4d9b-9ab5-a767c324832d,patrocinor tollo suscipit,10,15,INACTIVE,2026-05-12T21:40:08.846883+00:00,2026-05-12T21:40:08.846903+00:00,Emeka Ibrahim,0,0.0,40.0
30de8e79-2af8-425f-9033-3750ec495d50,pel damnatio vilicus,10,15,INACTIVE,2026-05-09T10:26:02.594509+00:00,2026-05-09T10:26:02.594527+00:00,Emeka Ibrahim,0,0.0,40.0
72558d17-05c6-442c-878e-1dabffe10a64,perferendis conventus valetudo,10,15,INACTIVE,2026-05-28T21:12:46.538916+00:00,2026-05-28T21:12:46.538936+00:00,Emeka Ibrahim,0,0.0,40.0
0a0584e5-8212-4932-afd0-a6cf5eccfd1c,placeat cum crustulum,10,15,INACTIVE,2026-05-05T22:02:44.757878+00:00,2026-05-05T22:02:44.757898+00:00,Emeka Ibrahim,0,0.0,40.0
7cd6b659-e5fe-4aaa-9da3-56627921fac5,possimus vester speculum,10,15,INACTIVE,2026-05-21T10:13:53.289855+00:00,2026-05-21T10:13:53.289876+00:00,Emeka Ibrahim,0,0.0,40.0
31dc612f-ec39-4e89-b956-00521e61e231,Pre-Assessment Test,10,10,INACTIVE,2025-12-01T12:19:04.195070+00:00,2025-12-01T12:19:04.195097+00:00,Emeka Ibrahim,0,0.0,40.0
a06ccd23-d51a-42e0-a8f5-78d06011aa10,Product Management Assessment,5,10,INACTIVE,2026-06-12T15:30:09.955369+00:00,2026-06-12T15:30:09.955390+00:00,Emeka Ibrahim,0,0.0,40.0
8734131b-035f-4e77-b166-7ac20e9edb58,Programming,0,0,INACTIVE,2026-06-26T17:31:56.594959+00:00,2026-06-26T17:31:56.594979+00:00,Emeka Ibrahim,0,0.0,0.0
517b6d66-c05b-42e8-b080-6122db888a61,Programming,0,0,INACTIVE,2026-06-26T17:15:20.431683+00:00,2026-06-26T17:15:20.431702+00:00,Emeka Ibrahim,0,0.0,20.0
df1b37f9-c63d-4bb8-8a70-1e126bbefc6d,Q1 2024 Technical Skills Assessment,14,5,INACTIVE,2025-12-01T10:02:20.258542+00:00,2025-12-01T10:02:20.263423+00:00,Emeka Ibrahim,34,79.41176470588235,40.1
d2b20a20-a15c-4abf-9c81-07f96113153b,quidem modi tero,10,15,INACTIVE,2026-06-27T18:02:05.078423+00:00,2026-06-27T18:02:05.078443+00:00,Emeka Ibrahim,0,0.0,40.0
4498654c-1ac5-4e08-895b-ad711bb1de1f,quisquam creo aegre,10,15,INACTIVE,2026-05-09T10:24:54.944747+00:00,2026-05-09T10:24:54.944767+00:00,Emeka Ibrahim,0,0.0,40.0
62f340f0-2729-428d-8a68-ad374045370f,repellendus conduco abstergo,10,15,INACTIVE,2026-05-13T09:38:26.816326+00:00,2026-05-13T09:38:26.816346+00:00,Emeka Ibrahim,0,0.0,40.0
f6fd83e3-7985-4670-ba13-beaa275127d4,sit omnis vaco,10,15,INACTIVE,2026-05-02T20:45:43.562276+00:00,2026-05-02T20:45:43.562295+00:00,Emeka Ibrahim,0,0.0,40.0
8c298929-cfd7-443e-9744-70aa8b98b643,solitudo sed autem,10,15,INACTIVE,2026-05-12T08:33:05.639701+00:00,2026-05-12T08:33:05.639720+00:00,Emeka Ibrahim,0,0.0,40.0
ec7d46cb-463e-41a9-a838-32734354a944,sollicito callide abbas,10,15,INACTIVE,2026-06-27T09:28:13.652355+00:00,2026-06-27T09:28:13.652375+00:00,Emeka Ibrahim,0,0.0,40.0
c7bd4023-ef5a-4723-9866-5ad2421303d4,sordeo summopere aveho,10,15,INACTIVE,2026-05-02T20:50:12.988024+00:00,2026-05-02T20:50:12.988044+00:00,Emeka Ibrahim,0,0.0,40.0
89c03093-8a9a-4935-a2a0-a503fe9a5984,spiritus culpo uredo,10,15,ACTIVE,2026-06-27T21:10:40.884135+00:00,2026-06-27T21:10:40.884155+00:00,Emeka Ibrahim,0,0.0,40.0
2d2c17ec-6fe0-4c41-a4a6-9bdb4797d317,statim crapula cuius,10,15,INACTIVE,2026-05-12T21:22:26.974648+00:00,2026-05-12T21:22:26.974668+00:00,Emeka Ibrahim,0,0.0,40.0
6d8c27c1-9f35-42f3-b0b0-b1048dfeae52,surgo cerno socius,10,15,INACTIVE,2026-05-28T20:59:29.453580+00:00,2026-05-28T20:59:29.453601+00:00,Emeka Ibrahim,0,0.0,40.0
c7b1566f-24ee-4f76-970f-aa0c5a186a3c,suspendo pauci turpis,10,15,INACTIVE,2026-05-12T22:15:51.819931+00:00,2026-05-12T22:15:51.819950+00:00,Emeka Ibrahim,0,0.0,40.0
f44b9b9d-9533-495d-84ef-8b94324ca0a2,suspendo talis acceptus,10,15,INACTIVE,2026-05-28T21:43:10.315234+00:00,2026-05-28T21:43:10.315254+00:00,Emeka Ibrahim,0,0.0,40.0
7c560214-eb04-4e3a-9ae9-74b6456d9caa,tabella tonsor denego,10,15,INACTIVE,2026-05-02T20:47:54.328801+00:00,2026-05-02T20:47:54.328823+00:00,Emeka Ibrahim,0,0.0,40.0
bd0be06a-fbe2-408e-895a-eb4ef5dbb2c7,tabula molestiae tepidus,10,15,INACTIVE,2026-06-27T12:21:37.286948+00:00,2026-06-27T12:21:37.286967+00:00,Emeka Ibrahim,0,0.0,40.0
0a1d34e0-61d8-478b-abe2-2e2272824fd0,terga illo rem,10,15,INACTIVE,2026-05-21T08:12:29.058175+00:00,2026-05-21T08:12:29.058196+00:00,Emeka Ibrahim,0,0.0,40.0
4c3824b8-c84d-42f2-8f40-4e7b678230ca,Test Batch,5,7,INACTIVE,2026-02-03T09:08:11.249215+00:00,2026-02-03T09:08:11.249234+00:00,Emeka Ibrahim,0,0.0,40.0
642a68ee-6f0e-4fa7-bbaa-142dd8a7506d,Test Test Batch,5,12,INACTIVE,2026-02-03T09:11:04.630167+00:00,2026-02-03T09:11:04.630186+00:00,Emeka Ibrahim,48,54.166666666666664,40.0
e3e6ff79-7f6c-4ad0-8b87-1166af12d168,thymum terga comis,10,15,INACTIVE,2026-05-12T14:38:46.809864+00:00,2026-05-12T14:38:46.809885+00:00,Emeka Ibrahim,0,0.0,40.0
4fc1e9a4-7a66-4d55-aef9-8ee317d012f7,tubineus deludo ea,10,15,INACTIVE,2026-05-02T20:43:17.394311+00:00,2026-05-02T20:43:17.394331+00:00,Emeka Ibrahim,0,0.0,40.0
c870e7f1-7afd-4f91-ad8e-8d637144a052,tum amplus ulterius,10,15,INACTIVE,2026-06-27T17:45:48.273356+00:00,2026-06-27T17:45:48.273375+00:00,Emeka Ibrahim,0,0.0,40.0
91233132-30c1-40ae-9b82-36e79daae02e,unde speculum tunc,10,15,INACTIVE,2026-05-12T14:45:50.223014+00:00,2026-05-12T14:45:50.223035+00:00,Emeka Ibrahim,0,0.0,40.0
327ea994-c9ba-440c-a2f3-8d919802b638,utrum statim quo,10,15,INACTIVE,2026-05-20T09:01:09.159604+00:00,2026-05-20T09:01:09.159623+00:00,Emeka Ibrahim,0,0.0,40.0
f074d912-8866-413d-8fdb-fd5cee2a3c69,uxor ventus cogito,10,15,INACTIVE,2026-05-13T10:11:17.747888+00:00,2026-05-13T10:11:17.747909+00:00,Emeka Ibrahim,0,0.0,40.0
8ccd5032-83ca-4e2f-ae96-86d10c98dda9,verbera suus uxor,10,15,INACTIVE,2026-05-02T21:09:12.372593+00:00,2026-05-02T21:09:12.372614+00:00,Emeka Ibrahim,0,0.0,40.0
66f9b3c0-ba69-455b-808f-11fb520c01b4,vilicus adficio qui,10,15,INACTIVE,2026-05-09T10:06:58.604051+00:00,2026-05-09T10:06:58.604071+00:00,Emeka Ibrahim,0,0.0,40.0
7f223d5a-d02c-48da-b32d-b04002b161b0,vilicus aequitas quam,10,15,INACTIVE,2026-05-21T08:06:54.864195+00:00,2026-05-21T08:06:54.864216+00:00,Emeka Ibrahim,0,0.0,40.0
94a13e3d-1a59-4d98-b52a-3bea47d8aeeb,vinculum statim adfero,10,15,INACTIVE,2026-05-28T20:38:51.762128+00:00,2026-05-28T20:38:51.762148+00:00,Emeka Ibrahim,0,0.0,40.0
ec0f7eb4-a76a-4667-94a0-c568a8d15eaf,volo absque ventito,10,15,INACTIVE,2026-05-02T20:42:32.136630+00:00,2026-05-02T20:42:32.136651+00:00,Emeka Ibrahim,0,0.0,40.0
c3e87051-6849-4dcd-9cd2-903d6420d59e,xiphias aegrus magnam,10,15,INACTIVE,2026-06-27T09:38:28.740676+00:00,2026-06-27T09:38:28.740696+00:00,Emeka Ibrahim,0,0.0,40.0
10dcc9a7-1d5d-4ada-9281-a42fafd57015,xiphias curtus stillicidium,10,15,INACTIVE,2026-05-13T12:41:07.404975+00:00,2026-05-13T12:41:07.404995+00:00,Emeka Ibrahim,0,0.0,40.0
